-- phpMyAdmin SQL Dump
-- version 4.9.0.1
-- https://www.phpmyadmin.net/
--
-- Host: 127.0.0.1
-- Generation Time: Sep 07, 2019 at 09:43 PM
-- Server version: 10.3.15-MariaDB
-- PHP Version: 7.3.6

SET SQL_MODE = "NO_AUTO_VALUE_ON_ZERO";
SET AUTOCOMMIT = 0;
START TRANSACTION;
SET time_zone = "+00:00";


/*!40101 SET @OLD_CHARACTER_SET_CLIENT=@@CHARACTER_SET_CLIENT */;
/*!40101 SET @OLD_CHARACTER_SET_RESULTS=@@CHARACTER_SET_RESULTS */;
/*!40101 SET @OLD_COLLATION_CONNECTION=@@COLLATION_CONNECTION */;
/*!40101 SET NAMES utf8mb4 */;

--
-- Database: `finance`
--

-- --------------------------------------------------------

--
-- Table structure for table `asalu`
--

CREATE TABLE `asalu` (
  `id` int(11) NOT NULL,
  `date` date NOT NULL,
  `customer` varchar(500) NOT NULL,
  `amount` int(10) NOT NULL,
  `chiti` int(10) NOT NULL,
  `created` datetime NOT NULL,
  `updated` datetime NOT NULL,
  `deleted` tinyint(1) NOT NULL
) ENGINE=InnoDB DEFAULT CHARSET=latin1;

--
-- Dumping data for table `asalu`
--

INSERT INTO `asalu` (`id`, `date`, `customer`, `amount`, `chiti`, `created`, `updated`, `deleted`) VALUES
(1, '0000-00-00', '', 0, 0, '2019-09-02 20:07:58', '2019-09-02 20:07:58', 0),
(2, '2019-09-01', '24', 5000, 3, '2019-09-02 20:35:51', '2019-09-02 20:35:51', 0),
(3, '2019-09-02', '24', 5000, 3, '2019-09-02 22:06:20', '2019-09-02 22:06:20', 0),
(4, '2019-09-02', '24', 1000, 3, '2019-09-02 22:07:46', '2019-09-02 22:07:46', 0);

-- --------------------------------------------------------

--
-- Table structure for table `chiti`
--

CREATE TABLE `chiti` (
  `id` int(10) NOT NULL,
  `customer` int(7) NOT NULL,
  `date` date NOT NULL,
  `tYpe` int(11) NOT NULL,
  `amount` double(10,2) NOT NULL,
  `pdwtm` int(10) NOT NULL,
  `interestrate` varchar(10) NOT NULL,
  `sowji` double(10,2) NOT NULL,
  `status` int(8) NOT NULL,
  `created` datetime NOT NULL,
  `updated` datetime NOT NULL,
  `deleted` tinyint(1) NOT NULL
) ENGINE=InnoDB DEFAULT CHARSET=latin1;

--
-- Dumping data for table `chiti`
--

INSERT INTO `chiti` (`id`, `customer`, `date`, `tYpe`, `amount`, `pdwtm`, `interestrate`, `sowji`, `status`, `created`, `updated`, `deleted`) VALUES
(1, 42, '2019-01-21', 1, 5000.00, 70, '', 2.00, 1, '2019-08-29 11:38:58', '2019-09-01 20:01:22', 0),
(2, 4, '2019-01-22', 1, 10000.00, 140, '', 5.00, 1, '2019-08-29 12:35:31', '2019-08-29 12:35:31', 0),
(3, 24, '2018-07-01', 4, 20000.00, 1000, '5%', 0.00, 1, '2019-08-29 12:44:44', '2019-09-01 20:05:01', 0),
(4, 2, '2018-07-09', 4, 10000.00, 700, '7%', 100.00, 1, '2019-08-29 21:05:31', '2019-08-29 21:05:31', 0),
(5, 28, '2019-03-19', 2, 10000.00, 950, '', 20.00, 1, '2019-08-31 15:11:09', '2019-08-31 15:11:09', 0);

-- --------------------------------------------------------

--
-- Table structure for table `collection`
--

CREATE TABLE `collection` (
  `id` int(20) NOT NULL,
  `chiti` int(10) NOT NULL,
  `date` date NOT NULL,
  `amount` int(10) NOT NULL,
  `sowji` int(10) NOT NULL,
  `received` tinyint(1) NOT NULL,
  `receivedfrom` int(10) NOT NULL,
  `rcvddate` date NOT NULL,
  `created` datetime NOT NULL,
  `updated` datetime NOT NULL,
  `deleted` tinyint(1) NOT NULL
) ENGINE=InnoDB DEFAULT CHARSET=latin1;

--
-- Dumping data for table `collection`
--

INSERT INTO `collection` (`id`, `chiti`, `date`, `amount`, `sowji`, `received`, `receivedfrom`, `rcvddate`, `created`, `updated`, `deleted`) VALUES
(1, 1, '2019-01-22', 70, 2, 0, 0, '0000-00-00', '2019-08-29 11:38:59', '2019-09-02 22:44:46', 0),
(2, 1, '2019-01-23', 70, 2, 0, 0, '0000-00-00', '2019-08-29 11:38:59', '2019-08-29 11:38:59', 0),
(3, 1, '2019-01-24', 70, 2, 0, 0, '0000-00-00', '2019-08-29 11:38:59', '2019-08-29 11:38:59', 0),
(4, 1, '2019-01-25', 70, 2, 0, 0, '0000-00-00', '2019-08-29 11:38:59', '2019-08-29 11:38:59', 0),
(5, 1, '2019-01-26', 70, 2, 0, 0, '0000-00-00', '2019-08-29 11:38:59', '2019-08-29 11:38:59', 0),
(6, 1, '2019-01-27', 70, 2, 0, 0, '0000-00-00', '2019-08-29 11:38:59', '2019-08-29 11:38:59', 0),
(7, 1, '2019-01-28', 70, 2, 0, 0, '0000-00-00', '2019-08-29 11:38:59', '2019-08-29 11:38:59', 0),
(8, 1, '2019-01-29', 70, 2, 0, 0, '0000-00-00', '2019-08-29 11:38:59', '2019-08-29 11:38:59', 0),
(9, 1, '2019-01-30', 70, 2, 0, 0, '0000-00-00', '2019-08-29 11:38:59', '2019-08-29 11:38:59', 0),
(10, 1, '2019-01-31', 70, 2, 0, 0, '0000-00-00', '2019-08-29 11:38:59', '2019-08-29 11:38:59', 0),
(11, 1, '2019-02-01', 70, 2, 0, 0, '0000-00-00', '2019-08-29 11:38:59', '2019-08-29 11:38:59', 0),
(12, 1, '2019-02-02', 70, 2, 0, 0, '0000-00-00', '2019-08-29 11:38:59', '2019-08-29 11:38:59', 0),
(13, 1, '2019-02-03', 70, 2, 0, 0, '0000-00-00', '2019-08-29 11:38:59', '2019-08-29 11:38:59', 0),
(14, 1, '2019-02-04', 70, 2, 0, 0, '0000-00-00', '2019-08-29 11:38:59', '2019-08-29 11:38:59', 0),
(15, 1, '2019-02-05', 70, 2, 0, 0, '0000-00-00', '2019-08-29 11:38:59', '2019-08-29 11:38:59', 0),
(16, 1, '2019-02-06', 70, 2, 0, 0, '0000-00-00', '2019-08-29 11:38:59', '2019-08-29 11:38:59', 0),
(17, 1, '2019-02-07', 70, 2, 0, 0, '0000-00-00', '2019-08-29 11:38:59', '2019-08-29 11:38:59', 0),
(18, 1, '2019-02-08', 70, 2, 0, 0, '0000-00-00', '2019-08-29 11:38:59', '2019-08-29 11:38:59', 0),
(19, 1, '2019-02-09', 70, 2, 0, 0, '0000-00-00', '2019-08-29 11:38:59', '2019-08-29 11:38:59', 0),
(20, 1, '2019-02-10', 70, 2, 0, 0, '0000-00-00', '2019-08-29 11:38:59', '2019-08-29 11:38:59', 0),
(21, 1, '2019-02-11', 70, 2, 0, 0, '0000-00-00', '2019-08-29 11:38:59', '2019-08-29 11:38:59', 0),
(22, 1, '2019-02-12', 70, 2, 0, 0, '0000-00-00', '2019-08-29 11:38:59', '2019-08-29 11:38:59', 0),
(23, 1, '2019-02-13', 70, 2, 0, 0, '0000-00-00', '2019-08-29 11:38:59', '2019-08-29 11:38:59', 0),
(24, 1, '2019-02-14', 70, 2, 0, 0, '0000-00-00', '2019-08-29 11:38:59', '2019-08-29 11:38:59', 0),
(25, 1, '2019-02-15', 70, 2, 0, 0, '0000-00-00', '2019-08-29 11:38:59', '2019-08-29 11:38:59', 0),
(26, 1, '2019-02-16', 70, 2, 0, 0, '0000-00-00', '2019-08-29 11:38:59', '2019-08-29 11:38:59', 0),
(27, 1, '2019-02-17', 70, 2, 0, 0, '0000-00-00', '2019-08-29 11:38:59', '2019-08-29 11:38:59', 0),
(28, 1, '2019-02-18', 70, 2, 0, 0, '0000-00-00', '2019-08-29 11:38:59', '2019-08-29 11:38:59', 0),
(29, 1, '2019-02-19', 70, 2, 0, 0, '0000-00-00', '2019-08-29 11:38:59', '2019-08-29 11:38:59', 0),
(30, 1, '2019-02-20', 70, 2, 0, 0, '0000-00-00', '2019-08-29 11:38:59', '2019-08-29 11:38:59', 0),
(31, 1, '2019-02-21', 70, 2, 0, 0, '0000-00-00', '2019-08-29 11:38:59', '2019-08-29 11:38:59', 0),
(32, 1, '2019-02-22', 70, 2, 0, 0, '0000-00-00', '2019-08-29 11:38:59', '2019-08-29 11:38:59', 0),
(33, 1, '2019-02-23', 70, 2, 0, 0, '0000-00-00', '2019-08-29 11:38:59', '2019-08-29 11:38:59', 0),
(34, 1, '2019-02-24', 70, 2, 0, 0, '0000-00-00', '2019-08-29 11:38:59', '2019-08-29 11:38:59', 0),
(35, 1, '2019-02-25', 70, 2, 0, 0, '0000-00-00', '2019-08-29 11:38:59', '2019-08-29 11:38:59', 0),
(36, 1, '2019-02-26', 70, 2, 0, 0, '0000-00-00', '2019-08-29 11:38:59', '2019-08-29 11:38:59', 0),
(37, 1, '2019-02-27', 70, 2, 0, 0, '0000-00-00', '2019-08-29 11:38:59', '2019-08-29 11:38:59', 0),
(38, 1, '2019-02-28', 70, 2, 0, 0, '0000-00-00', '2019-08-29 11:38:59', '2019-08-29 11:38:59', 0),
(39, 1, '2019-03-01', 70, 2, 0, 0, '0000-00-00', '2019-08-29 11:38:59', '2019-08-29 11:38:59', 0),
(40, 1, '2019-03-02', 70, 2, 0, 0, '0000-00-00', '2019-08-29 11:38:59', '2019-08-29 11:38:59', 0),
(41, 1, '2019-03-03', 70, 2, 0, 0, '0000-00-00', '2019-08-29 11:38:59', '2019-08-29 11:38:59', 0),
(42, 1, '2019-03-04', 70, 2, 0, 0, '0000-00-00', '2019-08-29 11:38:59', '2019-08-29 11:38:59', 0),
(43, 1, '2019-03-05', 70, 2, 0, 0, '0000-00-00', '2019-08-29 11:38:59', '2019-08-29 11:38:59', 0),
(44, 1, '2019-03-06', 70, 2, 0, 0, '0000-00-00', '2019-08-29 11:38:59', '2019-08-29 11:38:59', 0),
(45, 1, '2019-03-07', 70, 2, 0, 0, '0000-00-00', '2019-08-29 11:38:59', '2019-08-29 11:38:59', 0),
(46, 1, '2019-03-08', 70, 2, 0, 0, '0000-00-00', '2019-08-29 11:38:59', '2019-08-29 11:38:59', 0),
(47, 1, '2019-03-09', 70, 2, 0, 0, '0000-00-00', '2019-08-29 11:38:59', '2019-08-29 11:38:59', 0),
(48, 1, '2019-03-10', 70, 2, 0, 0, '0000-00-00', '2019-08-29 11:38:59', '2019-08-29 11:38:59', 0),
(49, 1, '2019-03-11', 70, 2, 0, 0, '0000-00-00', '2019-08-29 11:38:59', '2019-08-29 11:38:59', 0),
(50, 1, '2019-03-12', 70, 2, 0, 0, '0000-00-00', '2019-08-29 11:38:59', '2019-08-29 11:38:59', 0),
(51, 1, '2019-03-13', 70, 2, 0, 0, '0000-00-00', '2019-08-29 11:38:59', '2019-08-29 11:38:59', 0),
(52, 1, '2019-03-14', 70, 2, 0, 0, '0000-00-00', '2019-08-29 11:38:59', '2019-08-29 11:38:59', 0),
(53, 1, '2019-03-15', 70, 2, 0, 0, '0000-00-00', '2019-08-29 11:38:59', '2019-08-29 11:38:59', 0),
(54, 1, '2019-03-16', 70, 2, 0, 0, '0000-00-00', '2019-08-29 11:38:59', '2019-08-29 11:38:59', 0),
(55, 1, '2019-03-17', 70, 2, 0, 0, '0000-00-00', '2019-08-29 11:38:59', '2019-08-29 11:38:59', 0),
(56, 1, '2019-03-18', 70, 2, 0, 0, '0000-00-00', '2019-08-29 11:38:59', '2019-08-29 11:38:59', 0),
(57, 1, '2019-03-19', 70, 2, 0, 0, '0000-00-00', '2019-08-29 11:38:59', '2019-08-29 11:38:59', 0),
(58, 1, '2019-03-20', 70, 2, 0, 0, '0000-00-00', '2019-08-29 11:38:59', '2019-08-29 11:38:59', 0),
(59, 1, '2019-03-21', 70, 2, 0, 0, '0000-00-00', '2019-08-29 11:38:59', '2019-08-29 11:38:59', 0),
(60, 1, '2019-03-22', 70, 2, 0, 0, '0000-00-00', '2019-08-29 11:38:59', '2019-08-29 11:38:59', 0),
(61, 1, '2019-03-23', 70, 2, 0, 0, '0000-00-00', '2019-08-29 11:38:59', '2019-08-29 11:38:59', 0),
(62, 1, '2019-03-24', 70, 2, 0, 0, '0000-00-00', '2019-08-29 11:38:59', '2019-08-29 11:38:59', 0),
(63, 1, '2019-03-25', 70, 2, 0, 0, '0000-00-00', '2019-08-29 11:38:59', '2019-08-29 11:38:59', 0),
(64, 1, '2019-03-26', 70, 2, 0, 0, '0000-00-00', '2019-08-29 11:38:59', '2019-08-29 11:38:59', 0),
(65, 1, '2019-03-27', 70, 2, 0, 0, '0000-00-00', '2019-08-29 11:38:59', '2019-08-29 11:38:59', 0),
(66, 1, '2019-03-28', 70, 2, 0, 0, '0000-00-00', '2019-08-29 11:38:59', '2019-08-29 11:38:59', 0),
(67, 1, '2019-03-29', 70, 2, 0, 0, '0000-00-00', '2019-08-29 11:38:59', '2019-08-29 11:38:59', 0),
(68, 1, '2019-03-30', 70, 2, 0, 0, '0000-00-00', '2019-08-29 11:38:59', '2019-08-29 11:38:59', 0),
(69, 1, '2019-03-31', 70, 2, 0, 0, '0000-00-00', '2019-08-29 11:38:59', '2019-08-29 11:38:59', 0),
(70, 1, '2019-04-01', 70, 2, 0, 0, '0000-00-00', '2019-08-29 11:38:59', '2019-08-29 11:38:59', 0),
(71, 1, '2019-04-02', 70, 2, 0, 0, '0000-00-00', '2019-08-29 11:38:59', '2019-08-29 11:38:59', 0),
(72, 1, '2019-04-03', 70, 2, 0, 0, '0000-00-00', '2019-08-29 11:38:59', '2019-08-29 11:38:59', 0),
(73, 1, '2019-04-04', 70, 2, 0, 0, '0000-00-00', '2019-08-29 11:38:59', '2019-08-29 11:38:59', 0),
(74, 1, '2019-04-05', 70, 2, 0, 0, '0000-00-00', '2019-08-29 11:38:59', '2019-08-29 11:38:59', 0),
(75, 1, '2019-04-06', 70, 2, 0, 0, '0000-00-00', '2019-08-29 11:38:59', '2019-08-29 11:38:59', 0),
(76, 1, '2019-04-07', 70, 2, 0, 0, '0000-00-00', '2019-08-29 11:38:59', '2019-08-29 11:38:59', 0),
(77, 1, '2019-04-08', 70, 2, 0, 0, '0000-00-00', '2019-08-29 11:38:59', '2019-08-29 11:38:59', 0),
(78, 1, '2019-04-09', 70, 2, 0, 0, '0000-00-00', '2019-08-29 11:38:59', '2019-08-29 11:38:59', 0),
(79, 1, '2019-04-10', 70, 2, 0, 0, '0000-00-00', '2019-08-29 11:38:59', '2019-08-29 11:38:59', 0),
(80, 1, '2019-04-11', 70, 2, 0, 0, '0000-00-00', '2019-08-29 11:38:59', '2019-08-29 11:38:59', 0),
(81, 1, '2019-04-12', 70, 2, 0, 0, '0000-00-00', '2019-08-29 11:38:59', '2019-08-29 11:38:59', 0),
(82, 1, '2019-04-13', 70, 2, 0, 0, '0000-00-00', '2019-08-29 11:38:59', '2019-08-29 11:38:59', 0),
(83, 1, '2019-04-14', 70, 2, 0, 0, '0000-00-00', '2019-08-29 11:38:59', '2019-08-29 11:38:59', 0),
(84, 1, '2019-04-15', 70, 2, 0, 0, '0000-00-00', '2019-08-29 11:38:59', '2019-08-29 11:38:59', 0),
(85, 1, '2019-04-16', 70, 2, 0, 0, '0000-00-00', '2019-08-29 11:38:59', '2019-08-29 11:38:59', 0),
(86, 1, '2019-04-17', 70, 2, 0, 0, '0000-00-00', '2019-08-29 11:38:59', '2019-08-29 11:38:59', 0),
(87, 1, '2019-04-18', 70, 2, 0, 0, '0000-00-00', '2019-08-29 11:38:59', '2019-08-29 11:38:59', 0),
(88, 1, '2019-04-19', 70, 2, 0, 0, '0000-00-00', '2019-08-29 11:38:59', '2019-08-29 11:38:59', 0),
(89, 1, '2019-04-20', 70, 2, 0, 0, '0000-00-00', '2019-08-29 11:38:59', '2019-08-29 11:38:59', 0),
(90, 1, '2019-04-21', 70, 2, 0, 0, '0000-00-00', '2019-08-29 11:38:59', '2019-08-29 11:38:59', 0),
(91, 2, '2019-01-23', 140, 5, 0, 0, '0000-00-00', '2019-08-29 12:35:32', '2019-08-29 12:35:32', 0),
(92, 2, '2019-01-24', 140, 5, 0, 0, '0000-00-00', '2019-08-29 12:35:32', '2019-08-29 12:35:32', 0),
(93, 2, '2019-01-25', 140, 5, 0, 0, '0000-00-00', '2019-08-29 12:35:32', '2019-08-29 12:35:32', 0),
(94, 2, '2019-01-26', 140, 5, 0, 0, '0000-00-00', '2019-08-29 12:35:32', '2019-08-29 12:35:32', 0),
(95, 2, '2019-01-27', 140, 5, 0, 0, '0000-00-00', '2019-08-29 12:35:32', '2019-08-29 12:35:32', 0),
(96, 2, '2019-01-28', 140, 5, 0, 0, '0000-00-00', '2019-08-29 12:35:32', '2019-08-29 12:35:32', 0),
(97, 2, '2019-01-29', 140, 5, 0, 0, '0000-00-00', '2019-08-29 12:35:32', '2019-08-29 12:35:32', 0),
(98, 2, '2019-01-30', 140, 5, 0, 0, '0000-00-00', '2019-08-29 12:35:32', '2019-08-29 12:35:32', 0),
(99, 2, '2019-01-31', 140, 5, 0, 0, '0000-00-00', '2019-08-29 12:35:32', '2019-08-29 12:35:32', 0),
(100, 2, '2019-02-01', 140, 5, 0, 0, '0000-00-00', '2019-08-29 12:35:32', '2019-08-29 12:35:32', 0),
(101, 2, '2019-02-02', 140, 5, 0, 0, '0000-00-00', '2019-08-29 12:35:32', '2019-08-29 12:35:32', 0),
(102, 2, '2019-02-03', 140, 5, 0, 0, '0000-00-00', '2019-08-29 12:35:32', '2019-08-29 12:35:32', 0),
(103, 2, '2019-02-04', 140, 5, 0, 0, '0000-00-00', '2019-08-29 12:35:32', '2019-08-29 12:35:32', 0),
(104, 2, '2019-02-05', 140, 5, 0, 0, '0000-00-00', '2019-08-29 12:35:32', '2019-08-29 12:35:32', 0),
(105, 2, '2019-02-06', 140, 5, 0, 0, '0000-00-00', '2019-08-29 12:35:32', '2019-08-29 12:35:32', 0),
(106, 2, '2019-02-07', 140, 5, 0, 0, '0000-00-00', '2019-08-29 12:35:32', '2019-08-29 12:35:32', 0),
(107, 2, '2019-02-08', 140, 5, 0, 0, '0000-00-00', '2019-08-29 12:35:32', '2019-08-29 12:35:32', 0),
(108, 2, '2019-02-09', 140, 5, 0, 0, '0000-00-00', '2019-08-29 12:35:32', '2019-08-29 12:35:32', 0),
(109, 2, '2019-02-10', 140, 5, 0, 0, '0000-00-00', '2019-08-29 12:35:32', '2019-08-29 12:35:32', 0),
(110, 2, '2019-02-11', 140, 5, 0, 0, '0000-00-00', '2019-08-29 12:35:32', '2019-08-29 12:35:32', 0),
(111, 2, '2019-02-12', 140, 5, 0, 0, '0000-00-00', '2019-08-29 12:35:32', '2019-08-29 12:35:32', 0),
(112, 2, '2019-02-13', 140, 5, 0, 0, '0000-00-00', '2019-08-29 12:35:32', '2019-08-29 12:35:32', 0),
(113, 2, '2019-02-14', 140, 5, 0, 0, '0000-00-00', '2019-08-29 12:35:32', '2019-08-29 12:35:32', 0),
(114, 2, '2019-02-15', 140, 5, 0, 0, '0000-00-00', '2019-08-29 12:35:32', '2019-08-29 12:35:32', 0),
(115, 2, '2019-02-16', 140, 5, 0, 0, '0000-00-00', '2019-08-29 12:35:32', '2019-08-29 12:35:32', 0),
(116, 2, '2019-02-17', 140, 5, 0, 0, '0000-00-00', '2019-08-29 12:35:32', '2019-08-29 12:35:32', 0),
(117, 2, '2019-02-18', 140, 5, 0, 0, '0000-00-00', '2019-08-29 12:35:32', '2019-08-29 12:35:32', 0),
(118, 2, '2019-02-19', 140, 5, 0, 0, '0000-00-00', '2019-08-29 12:35:32', '2019-08-29 12:35:32', 0),
(119, 2, '2019-02-20', 140, 5, 0, 0, '0000-00-00', '2019-08-29 12:35:32', '2019-08-29 12:35:32', 0),
(120, 2, '2019-02-21', 140, 5, 0, 0, '0000-00-00', '2019-08-29 12:35:32', '2019-08-29 12:35:32', 0),
(121, 2, '2019-02-22', 140, 5, 0, 0, '0000-00-00', '2019-08-29 12:35:32', '2019-08-29 12:35:32', 0),
(122, 2, '2019-02-23', 140, 5, 0, 0, '0000-00-00', '2019-08-29 12:35:32', '2019-08-29 12:35:32', 0),
(123, 2, '2019-02-24', 140, 5, 0, 0, '0000-00-00', '2019-08-29 12:35:32', '2019-08-29 12:35:32', 0),
(124, 2, '2019-02-25', 140, 5, 0, 0, '0000-00-00', '2019-08-29 12:35:32', '2019-08-29 12:35:32', 0),
(125, 2, '2019-02-26', 140, 5, 0, 0, '0000-00-00', '2019-08-29 12:35:32', '2019-08-29 12:35:32', 0),
(126, 2, '2019-02-27', 140, 5, 0, 0, '0000-00-00', '2019-08-29 12:35:32', '2019-08-29 12:35:32', 0),
(127, 2, '2019-02-28', 140, 5, 0, 0, '0000-00-00', '2019-08-29 12:35:32', '2019-08-29 12:35:32', 0),
(128, 2, '2019-03-01', 140, 5, 0, 0, '0000-00-00', '2019-08-29 12:35:32', '2019-08-29 12:35:32', 0),
(129, 2, '2019-03-02', 140, 5, 0, 0, '0000-00-00', '2019-08-29 12:35:32', '2019-08-29 12:35:32', 0),
(130, 2, '2019-03-03', 140, 5, 0, 0, '0000-00-00', '2019-08-29 12:35:32', '2019-08-29 12:35:32', 0),
(131, 2, '2019-03-04', 140, 5, 0, 0, '0000-00-00', '2019-08-29 12:35:32', '2019-08-29 12:35:32', 0),
(132, 2, '2019-03-05', 140, 5, 0, 0, '0000-00-00', '2019-08-29 12:35:32', '2019-08-29 12:35:32', 0),
(133, 2, '2019-03-06', 140, 5, 0, 0, '0000-00-00', '2019-08-29 12:35:32', '2019-08-29 12:35:32', 0),
(134, 2, '2019-03-07', 140, 5, 0, 0, '0000-00-00', '2019-08-29 12:35:32', '2019-08-29 12:35:32', 0),
(135, 2, '2019-03-08', 140, 5, 0, 0, '0000-00-00', '2019-08-29 12:35:32', '2019-08-29 12:35:32', 0),
(136, 2, '2019-03-09', 140, 5, 0, 0, '0000-00-00', '2019-08-29 12:35:32', '2019-08-29 12:35:32', 0),
(137, 2, '2019-03-10', 140, 5, 0, 0, '0000-00-00', '2019-08-29 12:35:32', '2019-08-29 12:35:32', 0),
(138, 2, '2019-03-11', 140, 5, 0, 0, '0000-00-00', '2019-08-29 12:35:32', '2019-08-29 12:35:32', 0),
(139, 2, '2019-03-12', 140, 5, 0, 0, '0000-00-00', '2019-08-29 12:35:32', '2019-08-29 12:35:32', 0),
(140, 2, '2019-03-13', 140, 5, 0, 0, '0000-00-00', '2019-08-29 12:35:32', '2019-08-29 12:35:32', 0),
(141, 2, '2019-03-14', 140, 5, 0, 0, '0000-00-00', '2019-08-29 12:35:32', '2019-08-29 12:35:32', 0),
(142, 2, '2019-03-15', 140, 5, 0, 0, '0000-00-00', '2019-08-29 12:35:32', '2019-08-29 12:35:32', 0),
(143, 2, '2019-03-16', 140, 5, 0, 0, '0000-00-00', '2019-08-29 12:35:32', '2019-08-29 12:35:32', 0),
(144, 2, '2019-03-17', 140, 5, 0, 0, '0000-00-00', '2019-08-29 12:35:32', '2019-08-29 12:35:32', 0),
(145, 2, '2019-03-18', 140, 5, 0, 0, '0000-00-00', '2019-08-29 12:35:32', '2019-08-29 12:35:32', 0),
(146, 2, '2019-03-19', 140, 5, 0, 0, '0000-00-00', '2019-08-29 12:35:32', '2019-08-29 12:35:32', 0),
(147, 2, '2019-03-20', 140, 5, 0, 0, '0000-00-00', '2019-08-29 12:35:32', '2019-08-29 12:35:32', 0),
(148, 2, '2019-03-21', 140, 5, 0, 0, '0000-00-00', '2019-08-29 12:35:32', '2019-08-29 12:35:32', 0),
(149, 2, '2019-03-22', 140, 5, 0, 0, '0000-00-00', '2019-08-29 12:35:32', '2019-08-29 12:35:32', 0),
(150, 2, '2019-03-23', 140, 5, 0, 0, '0000-00-00', '2019-08-29 12:35:32', '2019-08-29 12:35:32', 0),
(151, 2, '2019-03-24', 140, 5, 0, 0, '0000-00-00', '2019-08-29 12:35:32', '2019-08-29 12:35:32', 0),
(152, 2, '2019-03-25', 140, 5, 0, 0, '0000-00-00', '2019-08-29 12:35:32', '2019-08-29 12:35:32', 0),
(153, 2, '2019-03-26', 140, 5, 0, 0, '0000-00-00', '2019-08-29 12:35:32', '2019-08-29 12:35:32', 0),
(154, 2, '2019-03-27', 140, 5, 0, 0, '0000-00-00', '2019-08-29 12:35:32', '2019-08-29 12:35:32', 0),
(155, 2, '2019-03-28', 140, 5, 0, 0, '0000-00-00', '2019-08-29 12:35:32', '2019-08-29 12:35:32', 0),
(156, 2, '2019-03-29', 140, 5, 0, 0, '0000-00-00', '2019-08-29 12:35:32', '2019-08-29 12:35:32', 0),
(157, 2, '2019-03-30', 140, 5, 0, 0, '0000-00-00', '2019-08-29 12:35:32', '2019-08-29 12:35:32', 0),
(158, 2, '2019-03-31', 140, 5, 0, 0, '0000-00-00', '2019-08-29 12:35:32', '2019-08-29 12:35:32', 0),
(159, 2, '2019-04-01', 140, 5, 0, 0, '0000-00-00', '2019-08-29 12:35:32', '2019-08-29 12:35:32', 0),
(160, 2, '2019-04-02', 140, 5, 0, 0, '0000-00-00', '2019-08-29 12:35:32', '2019-08-29 12:35:32', 0),
(161, 2, '2019-04-03', 140, 5, 0, 0, '0000-00-00', '2019-08-29 12:35:32', '2019-08-29 12:35:32', 0),
(162, 2, '2019-04-04', 140, 5, 0, 0, '0000-00-00', '2019-08-29 12:35:32', '2019-08-29 12:35:32', 0),
(163, 2, '2019-04-05', 140, 5, 0, 0, '0000-00-00', '2019-08-29 12:35:32', '2019-08-29 12:35:32', 0),
(164, 2, '2019-04-06', 140, 5, 0, 0, '0000-00-00', '2019-08-29 12:35:32', '2019-08-29 12:35:32', 0),
(165, 2, '2019-04-07', 140, 5, 0, 0, '0000-00-00', '2019-08-29 12:35:32', '2019-08-29 12:35:32', 0),
(166, 2, '2019-04-08', 140, 5, 0, 0, '0000-00-00', '2019-08-29 12:35:32', '2019-08-29 12:35:32', 0),
(167, 2, '2019-04-09', 140, 5, 0, 0, '0000-00-00', '2019-08-29 12:35:32', '2019-08-29 12:35:32', 0),
(168, 2, '2019-04-10', 140, 5, 0, 0, '0000-00-00', '2019-08-29 12:35:32', '2019-08-29 12:35:32', 0),
(169, 2, '2019-04-11', 140, 5, 0, 0, '0000-00-00', '2019-08-29 12:35:32', '2019-08-29 12:35:32', 0),
(170, 2, '2019-04-12', 140, 5, 0, 0, '0000-00-00', '2019-08-29 12:35:32', '2019-08-29 12:35:32', 0),
(171, 2, '2019-04-13', 140, 5, 0, 0, '0000-00-00', '2019-08-29 12:35:32', '2019-08-29 12:35:32', 0),
(172, 2, '2019-04-14', 140, 5, 0, 0, '0000-00-00', '2019-08-29 12:35:32', '2019-08-29 12:35:32', 0),
(173, 2, '2019-04-15', 140, 5, 0, 0, '0000-00-00', '2019-08-29 12:35:32', '2019-08-29 12:35:32', 0),
(174, 2, '2019-04-16', 140, 5, 0, 0, '0000-00-00', '2019-08-29 12:35:32', '2019-08-29 12:35:32', 0),
(175, 2, '2019-04-17', 140, 5, 0, 0, '0000-00-00', '2019-08-29 12:35:32', '2019-08-29 12:35:32', 0),
(176, 2, '2019-04-18', 140, 5, 0, 0, '0000-00-00', '2019-08-29 12:35:32', '2019-08-29 12:35:32', 0),
(177, 2, '2019-04-19', 140, 5, 0, 0, '0000-00-00', '2019-08-29 12:35:32', '2019-08-29 12:35:32', 0),
(178, 2, '2019-04-20', 140, 5, 0, 0, '0000-00-00', '2019-08-29 12:35:32', '2019-08-29 12:35:32', 0),
(179, 2, '2019-04-21', 140, 5, 0, 0, '0000-00-00', '2019-08-29 12:35:32', '2019-08-29 12:35:32', 0),
(180, 2, '2019-04-22', 140, 5, 0, 0, '0000-00-00', '2019-08-29 12:35:32', '2019-08-29 12:35:32', 0),
(181, 3, '2018-08-01', 1000, 0, 1, 24, '2018-08-06', '2019-08-29 12:44:44', '2019-09-01 22:36:40', 0),
(182, 3, '2018-09-01', 1000, 0, 1, 24, '2018-09-01', '2019-08-29 12:44:44', '2019-09-02 11:33:49', 0),
(183, 3, '2018-10-01', 1000, 0, 1, 24, '2018-10-01', '2019-08-29 12:44:44', '2019-09-02 11:34:42', 0),
(184, 3, '2018-11-01', 1000, 0, 1, 24, '2018-11-01', '2019-08-29 12:44:44', '2019-09-02 11:35:01', 0),
(185, 3, '2018-12-01', 1000, 0, 1, 24, '2018-12-01', '2019-08-29 12:44:44', '2019-09-02 11:35:20', 0),
(186, 3, '2019-01-01', 1000, 0, 1, 24, '2019-01-01', '2019-08-29 20:57:27', '2019-09-02 11:35:35', 0),
(187, 3, '2019-02-01', 1000, 0, 1, 24, '2019-03-21', '2019-08-29 20:57:27', '2019-09-02 11:36:22', 0),
(188, 3, '2019-03-01', 1000, 0, 1, 24, '2019-03-21', '2019-08-29 20:57:27', '2019-09-02 11:36:22', 0),
(189, 3, '2019-04-01', 1000, 0, 1, 24, '2019-05-01', '2019-08-29 20:59:29', '2019-09-02 11:36:48', 0),
(190, 3, '2019-05-01', 1000, 0, 1, 24, '2019-06-08', '2019-08-29 20:59:29', '2019-09-02 11:37:01', 0),
(191, 3, '2019-06-01', 1000, 0, 1, 24, '2019-06-17', '2019-08-29 21:00:05', '2019-09-02 11:37:16', 0),
(192, 3, '2019-07-01', 1200, 0, 1, 24, '2019-07-02', '2019-08-29 21:01:48', '2019-09-02 11:38:31', 0),
(193, 3, '2019-08-01', 1200, 0, 0, 0, '0000-00-00', '2019-08-29 21:02:23', '2019-09-07 13:24:17', 0),
(194, 4, '2018-08-09', 700, 100, 1, 2, '2018-08-10', '2019-08-29 21:05:31', '2019-09-05 14:55:59', 0),
(195, 4, '2018-09-09', 700, 100, 1, 2, '2018-09-10', '2019-08-29 21:05:31', '2019-09-05 14:56:27', 0),
(196, 4, '2018-10-09', 700, 100, 0, 0, '0000-00-00', '2019-08-29 21:05:31', '2019-08-29 21:05:31', 0),
(197, 4, '2018-11-09', 700, 100, 0, 0, '0000-00-00', '2019-08-29 21:05:31', '2019-08-29 21:05:31', 0),
(198, 4, '2018-12-09', 500, 0, 0, 0, '0000-00-00', '2019-08-29 21:05:31', '2019-08-30 21:34:50', 0),
(199, 4, '2019-01-09', 500, 0, 0, 0, '0000-00-00', '2019-08-29 21:15:03', '2019-08-29 21:15:03', 0),
(200, 4, '2019-02-09', 500, 0, 0, 0, '0000-00-00', '2019-08-29 21:16:01', '2019-08-29 21:16:01', 0),
(201, 4, '2019-03-09', 500, 0, 0, 0, '0000-00-00', '2019-08-29 21:16:50', '2019-08-29 21:16:50', 0),
(202, 4, '2019-04-09', 500, 0, 0, 0, '0000-00-00', '2019-08-29 21:16:50', '2019-08-29 21:16:50', 0),
(203, 4, '2019-05-09', 500, 0, 0, 0, '0000-00-00', '2019-08-29 21:16:50', '2019-08-29 21:16:50', 0),
(204, 4, '2019-06-09', 500, 0, 0, 0, '0000-00-00', '2019-08-29 21:16:50', '2019-08-29 21:16:50', 0),
(205, 4, '2019-07-09', 500, 0, 0, 0, '0000-00-00', '2019-08-29 21:16:50', '2019-08-29 21:16:50', 0),
(206, 5, '2019-03-26', 950, 20, 0, 0, '0000-00-00', '2019-08-31 15:11:09', '2019-08-31 15:11:09', 0),
(207, 5, '2019-04-02', 950, 20, 0, 0, '0000-00-00', '2019-08-31 15:11:09', '2019-08-31 15:11:09', 0),
(208, 5, '2019-04-09', 950, 20, 0, 0, '0000-00-00', '2019-08-31 15:11:09', '2019-08-31 15:11:09', 0),
(209, 5, '2019-04-16', 950, 20, 0, 0, '0000-00-00', '2019-08-31 15:11:09', '2019-08-31 15:11:09', 0),
(210, 5, '2019-04-23', 950, 20, 0, 0, '0000-00-00', '2019-08-31 15:11:09', '2019-08-31 15:11:09', 0),
(211, 5, '2019-04-30', 950, 20, 0, 0, '0000-00-00', '2019-08-31 15:11:09', '2019-08-31 15:11:09', 0),
(212, 5, '2019-05-07', 950, 20, 0, 0, '0000-00-00', '2019-08-31 15:11:09', '2019-08-31 15:11:09', 0),
(213, 5, '2019-05-14', 950, 20, 0, 0, '0000-00-00', '2019-08-31 15:11:09', '2019-08-31 15:11:09', 0),
(214, 5, '2019-05-21', 950, 20, 0, 0, '0000-00-00', '2019-08-31 15:11:09', '2019-08-31 15:11:09', 0),
(215, 5, '2019-05-28', 950, 20, 0, 0, '0000-00-00', '2019-08-31 15:11:09', '2019-08-31 15:11:09', 0),
(216, 5, '2019-06-04', 950, 20, 0, 0, '0000-00-00', '2019-08-31 15:11:09', '2019-08-31 15:11:09', 0),
(217, 5, '2019-06-11', 950, 20, 0, 0, '0000-00-00', '2019-08-31 15:11:09', '2019-08-31 15:11:09', 0),
(218, 5, '2019-06-18', 950, 20, 0, 0, '0000-00-00', '2019-08-31 15:11:09', '2019-08-31 15:11:09', 0);

-- --------------------------------------------------------

--
-- Table structure for table `customers`
--

CREATE TABLE `customers` (
  `id` int(8) NOT NULL,
  `firstname` varchar(50) NOT NULL,
  `lastname` varchar(50) NOT NULL,
  `phoneno` varchar(50) NOT NULL,
  `hami` int(8) NOT NULL,
  `ishami` tinyint(1) NOT NULL,
  `aadhar` tinyint(1) NOT NULL,
  `passbook` tinyint(1) NOT NULL,
  `debitcard` tinyint(1) NOT NULL,
  `cheque` tinyint(1) NOT NULL,
  `pnote` tinyint(1) NOT NULL,
  `note` varchar(500) NOT NULL,
  `forint` tinyint(1) NOT NULL,
  `created` datetime NOT NULL,
  `updated` datetime NOT NULL,
  `deleted` tinyint(1) NOT NULL
) ENGINE=InnoDB DEFAULT CHARSET=latin1;

--
-- Dumping data for table `customers`
--

INSERT INTO `customers` (`id`, `firstname`, `lastname`, `phoneno`, `hami`, `ishami`, `aadhar`, `passbook`, `debitcard`, `cheque`, `pnote`, `note`, `forint`, `created`, `updated`, `deleted`) VALUES
(1, 'Sowjanya', 'Thummi', '9618536361', 1, 1, 0, 0, 0, 0, 0, '', 0, '2019-05-25 16:50:13', '2019-09-01 22:16:53', 0),
(2, 'Nandu', 'Mom', '9550654514', 24, 1, 0, 0, 0, 0, 0, '', 0, '2019-05-25 16:51:00', '2019-05-25 16:51:00', 0),
(3, 'Mastaan', 'Bhai', '9182278605', 3, 1, 0, 0, 0, 0, 0, '', 0, '2019-05-25 16:53:46', '2019-05-25 16:53:46', 0),
(4, 'Durga', '', '6303975635', 4, 1, 0, 0, 0, 0, 0, '', 0, '2019-05-25 16:55:09', '2019-05-25 16:55:09', 0),
(5, 'Prasad', '(LAK)', '', 30, 1, 0, 0, 0, 0, 0, '', 0, '2019-05-25 16:57:30', '2019-05-25 16:57:30', 0),
(6, 'Pandu', '', '9182915014', 1, 0, 0, 0, 0, 0, 0, '', 0, '2019-05-25 16:58:32', '2019-06-04 11:36:37', 0),
(7, 'Padma', '', '8106762461', 7, 1, 0, 0, 0, 0, 0, '', 0, '2019-07-15 16:48:00', '2019-07-15 16:51:54', 0),
(8, 'Pushpa', '', '6305182530', 1, 1, 0, 0, 0, 0, 0, '', 0, '2019-07-15 16:53:12', '2019-07-15 16:53:38', 0),
(9, 'Sujatha', '', '', 4, 0, 0, 0, 0, 0, 0, '', 0, '2019-07-15 16:54:49', '2019-07-15 16:57:46', 0),
(10, 'Nikita', '', '', 4, 0, 0, 0, 0, 0, 0, '', 0, '2019-07-15 16:55:01', '2019-07-15 16:58:15', 0),
(11, 'Fani', '', '', 4, 0, 0, 0, 0, 0, 0, '', 0, '2019-07-15 16:55:14', '2019-07-15 16:58:30', 0),
(12, 'Shanti', '', '', 4, 0, 0, 0, 0, 0, 0, '', 0, '2019-07-15 16:55:31', '2019-07-15 16:58:46', 0),
(13, 'Bujjamma', '', '', 4, 0, 0, 0, 0, 0, 0, '', 0, '2019-07-15 16:55:41', '2019-07-15 16:58:57', 0),
(14, 'Gandhi', '', '', 7, 0, 0, 0, 0, 0, 0, '', 0, '2019-07-15 16:56:40', '2019-07-15 16:59:07', 0),
(15, 'Shvetha', '', '', 7, 0, 0, 0, 0, 0, 0, '', 0, '2019-07-15 16:56:54', '2019-07-15 16:59:15', 0),
(16, 'Preethi', '', '', 7, 0, 0, 0, 0, 0, 0, '', 0, '2019-07-15 16:57:09', '2019-07-15 16:59:25', 0),
(17, 'Rama', 'Krishna', '', 7, 0, 0, 0, 0, 0, 0, '', 0, '2019-07-15 16:57:22', '2019-07-28 14:39:31', 0),
(18, 'Bhupathi', '.', '', 7, 0, 0, 0, 0, 0, 0, '', 0, '2019-07-15 17:00:03', '2019-07-15 17:00:03', 0),
(19, 'Goutham', '.', '', 7, 0, 0, 0, 0, 0, 0, '', 0, '2019-07-15 17:00:22', '2019-07-15 17:00:22', 0),
(20, 'Sandy', '.', '', 7, 0, 0, 0, 0, 0, 0, '', 0, '2019-07-15 17:00:53', '2019-07-15 17:00:53', 0),
(21, 'M Sandhya', '.', '', 7, 0, 0, 0, 0, 0, 0, '', 0, '2019-07-15 17:01:03', '2019-07-15 17:01:03', 0),
(22, 'Kumari ', '(Shvetha sis)', '', 7, 0, 0, 0, 0, 0, 0, '', 0, '2019-07-15 17:01:05', '2019-07-15 17:01:05', 0),
(23, 'Suresh', '.', '', 3, 0, 0, 0, 0, 0, 0, '', 0, '2019-07-15 17:05:49', '2019-07-15 17:05:49', 0),
(24, 'Nandu', '.', '9652717721', 24, 1, 0, 0, 0, 0, 0, '', 0, '2019-07-15 17:07:54', '2019-08-30 22:30:00', 0),
(25, 'Bhavani', '.', '', 24, 0, 0, 0, 0, 0, 0, '', 0, '2019-07-15 17:09:16', '2019-07-15 17:09:16', 0),
(26, 'Srinu', '.', '', 4, 0, 0, 0, 0, 0, 0, '', 0, '2019-07-15 17:09:50', '2019-07-15 17:09:50', 0),
(27, 'Leela', '.', '', 3, 0, 0, 0, 0, 0, 0, '', 0, '2019-07-15 17:10:14', '2019-07-15 17:10:14', 0),
(28, 'C.H.Ramana', '.', '', 7, 0, 0, 0, 0, 0, 0, '', 0, '2019-07-15 17:10:49', '2019-07-15 17:10:49', 0),
(29, 'Durga Prasad', '(N.B)', '9014906029', 24, 0, 0, 0, 0, 0, 0, '', 0, '2019-07-15 17:16:18', '2019-07-15 17:16:18', 0),
(30, 'Lakshmi', 'Maid', '9542605689', 30, 1, 0, 0, 0, 0, 0, '', 0, '2019-07-16 17:16:55', '2019-07-16 17:16:55', 0),
(31, 'Prasad', '.', '', 1, 0, 0, 0, 0, 0, 0, '', 0, '2019-07-22 17:34:32', '2019-07-22 17:34:32', 0),
(32, 'Bhulakshmi', '.', '', 1, 0, 0, 0, 0, 0, 0, '', 0, '2019-07-25 16:43:29', '2019-07-25 16:43:29', 0),
(33, 'Naga', 'Lakshmi', '', 30, 0, 0, 0, 0, 0, 0, '', 0, '2019-07-25 16:47:11', '2019-07-25 16:47:11', 0),
(34, 'Salaam', '.', '', 3, 0, 0, 0, 0, 0, 0, '', 0, '2019-07-25 16:48:36', '2019-07-25 16:48:36', 0),
(35, 'Sridhar', '.', '-', 3, 0, 0, 0, 0, 0, 0, '', 0, '2019-08-27 08:04:58', '2019-08-27 08:04:58', 0),
(36, 'Rajesh', '(Vijaya kumar)', '-', 3, 0, 0, 0, 0, 0, 0, '', 0, '2019-08-27 08:07:25', '2019-08-27 08:07:25', 0),
(37, 'Badi', 'Mom', '8143928111', 0, 0, 0, 0, 0, 0, 0, '', 1, '2019-08-27 08:12:57', '2019-09-05 09:46:35', 0),
(38, 'Ankush', 'Jain', '9966307721', 0, 0, 0, 0, 0, 0, 0, '', 1, '2019-08-27 08:14:54', '2019-09-05 09:39:10', 0),
(39, 'Dixit', 'Jain', '9700755651', 39, 1, 0, 0, 0, 0, 0, '', 0, '2019-08-27 08:18:27', '2019-08-27 08:18:27', 0),
(40, 'Extra', 'Inc', '-', 0, 0, 0, 0, 0, 0, 0, '', 0, '2019-08-27 08:22:09', '2019-09-01 21:39:57', 0),
(41, 'Expenses', '.', '-', 0, 0, 0, 0, 0, 0, 0, '', 0, '2019-08-27 08:22:20', '2019-08-27 08:22:21', 0),
(42, 'Lokeshwari', '.', '-', 4, 0, 0, 0, 0, 0, 0, '', 0, '2019-08-29 11:38:13', '2019-08-29 11:38:13', 0),
(43, 'V Samba', '.', '-', 1, 0, 1, 0, 0, 0, 0, 'He gave Passbook and debit card at the time of his first chiti but he took back the debit card in the middle and passbook on Aug 30', 0, '2019-08-30 22:23:59', '2019-09-01 16:40:40', 0),
(44, 'N Venkata', 'Lakshmi', '-', 1, 0, 0, 1, 0, 0, 1, '', 0, '2019-08-30 23:16:44', '2019-08-30 23:16:44', 0),
(45, 'Darshana', 'Jain', '7397845405', 0, 0, 0, 0, 0, 0, 0, '', 1, '2019-09-05 09:40:58', '2019-09-05 09:40:58', 0),
(46, 'Bhavika', 'Jain', '7019871870', 0, 0, 0, 0, 0, 0, 0, '', 1, '2019-09-05 09:42:24', '2019-09-05 09:42:24', 0),
(47, 'Manoj', 'Jain', '9533446380', 0, 0, 0, 0, 0, 0, 0, '', 1, '2019-09-05 09:43:34', '2019-09-05 09:43:34', 0),
(48, 'Abhay', 'Jain', '9700074140', 0, 0, 0, 0, 0, 0, 0, '', 1, '2019-09-05 09:44:14', '2019-09-05 09:44:14', 0),
(49, 'Pista', 'Maasi', '7893919002', 0, 0, 0, 0, 0, 0, 0, '', 1, '2019-09-05 09:45:03', '2019-09-05 09:45:03', 0),
(50, 'Fullandevi', '(Lak)', 'EMPTY_PARAM', 0, 0, 0, 0, 0, 0, 0, '', 1, '2019-09-05 09:47:48', '2019-09-05 09:47:48', 0),
(51, 'Yatin', 'ji', '9004550065', 0, 0, 0, 0, 0, 0, 0, '', 1, '2019-09-05 09:48:18', '2019-09-05 09:48:18', 0),
(52, 'Arjun', 'Mom', 'EMPTY_PARAM', 0, 0, 0, 0, 0, 0, 0, '', 1, '2019-09-05 09:48:48', '2019-09-05 09:48:48', 0),
(53, 'Bade', 'Papa', 'EMPTY_PARAM', 0, 0, 0, 0, 0, 0, 0, '', 1, '2019-09-05 09:49:22', '2019-09-05 09:49:22', 0);

-- --------------------------------------------------------

--
-- Table structure for table `drcr`
--

CREATE TABLE `drcr` (
  `id` int(11) NOT NULL,
  `date` date NOT NULL,
  `customer` int(10) NOT NULL,
  `debit` decimal(10,2) NOT NULL,
  `credit` decimal(10,2) NOT NULL,
  `forint` tinyint(1) NOT NULL,
  `crid` int(10) NOT NULL,
  `note` varchar(500) NOT NULL,
  `created` datetime NOT NULL,
  `updated` datetime NOT NULL,
  `deleted` tinyint(1) NOT NULL
) ENGINE=InnoDB DEFAULT CHARSET=latin1;

--
-- Dumping data for table `drcr`
--

INSERT INTO `drcr` (`id`, `date`, `customer`, `debit`, `credit`, `forint`, `crid`, `note`, `created`, `updated`, `deleted`) VALUES
(1, '2018-10-31', 46, '0.00', '10000.00', 1, 0, 'she gave', '2019-09-06 04:34:28', '2019-09-07 14:50:55', 0),
(2, '2018-11-30', 46, '0.00', '250.00', 1, 0, 'interestcal', '2019-09-07 02:52:06', '2019-09-07 02:52:06', 0),
(3, '2018-12-31', 46, '0.00', '256.25', 1, 0, 'interestcal', '2019-09-07 02:54:07', '2019-09-07 02:54:07', 0),
(4, '2018-12-31', 46, '0.00', '40000.00', 1, 0, 'she gave on Jan 1', '2019-09-07 03:30:22', '2019-09-07 15:46:48', 0),
(5, '2019-01-31', 46, '0.00', '1262.66', 1, 0, 'interestcal', '2019-09-07 03:47:09', '2019-09-07 03:47:09', 0),
(6, '2019-02-12', 46, '0.00', '10000.00', 1, 0, 'she gave on Feb 12', '2019-09-07 03:47:46', '2019-09-07 03:47:46', 0),
(7, '2019-02-16', 46, '0.00', '8000.00', 1, 0, 'she gave on Feb 16', '2019-09-07 03:48:11', '2019-09-07 03:48:11', 0),
(8, '2019-02-26', 46, '5000.00', '0.00', 1, 0, 'I gave her on Feb 26', '2019-09-07 03:48:56', '2019-09-07 03:48:56', 0),
(9, '2019-02-28', 46, '5000.00', '0.00', 1, 0, 'I gave her on Feb 28', '2019-09-07 03:49:12', '2019-09-07 03:49:12', 0),
(10, '2019-02-28', 46, '0.00', '1504.94', 1, 0, 'interestcal', '2019-09-07 04:07:38', '2019-09-07 04:07:38', 0),
(11, '2019-03-08', 46, '0.00', '2500.00', 1, 0, 'she gave me on Mar 8', '2019-09-07 04:13:35', '2019-09-07 04:13:35', 0),
(12, '2019-03-16', 46, '0.00', '30000.00', 1, 0, 'took 30k from 200k \nbal 170k', '2019-09-07 04:14:13', '2019-09-07 04:14:13', 0),
(13, '2019-03-19', 46, '0.00', '30000.00', 1, 0, 'took 30k from 200k \nbal 140k', '2019-09-07 04:14:54', '2019-09-07 04:14:54', 0),
(14, '2019-03-21', 46, '0.00', '20000.00', 1, 0, 'took 20k from 200k \nbal 120k', '2019-09-07 04:15:49', '2019-09-07 04:15:49', 0),
(15, '2019-03-21', 46, '3000.00', '0.00', 1, 0, 'komal took', '2019-09-07 04:16:28', '2019-09-07 04:16:28', 0),
(16, '2019-03-23', 46, '0.00', '10000.00', 1, 0, 'took 10k from 200k\nbal 1.10k', '2019-09-07 04:17:10', '2019-09-07 04:17:10', 0),
(17, '2019-03-30', 46, '0.00', '15000.00', 1, 0, 'took 15k from 200k\nbal 95k', '2019-09-07 04:17:42', '2019-09-07 04:17:42', 0),
(18, '2019-03-31', 46, '0.00', '2442.74', 1, 0, 'interestcal', '2019-09-07 04:20:48', '2019-09-07 04:20:48', 0),
(19, '2019-04-01', 46, '0.00', '10000.00', 1, 0, 'took 10k from 200k\nbal 85k', '2019-09-07 04:22:26', '2019-09-07 16:30:11', 0),
(20, '2019-04-02', 46, '0.00', '10000.00', 1, 0, 'took 10k from 200k\nbal 75k', '2019-09-07 04:31:44', '2019-09-07 04:31:44', 0),
(21, '2019-04-04', 46, '0.00', '20000.00', 1, 0, 'took 20k from 200k\nbal 55k', '2019-09-07 04:32:14', '2019-09-07 04:32:14', 0),
(22, '2019-04-06', 46, '0.00', '10000.00', 1, 0, 'took 10k from 200k\nbal 45k', '2019-09-07 04:32:33', '2019-09-07 04:32:33', 0),
(23, '2019-04-14', 46, '0.00', '20000.00', 1, 0, 'took 20k from 200k\nbal 25k', '2019-09-07 04:33:49', '2019-09-07 04:33:49', 0),
(24, '2019-04-19', 46, '0.00', '15000.00', 1, 0, 'took 15k from 200k\nbal 10k', '2019-09-07 04:34:14', '2019-09-07 04:34:14', 0),
(25, '2019-04-30', 46, '0.00', '5717.91', 1, 0, 'interestcal', '2019-09-07 04:35:53', '2019-09-07 04:35:53', 0),
(26, '2019-05-01', 46, '0.00', '5000.00', 1, 0, 'took 5k from 200k bal 5K', '2019-09-07 08:22:54', '2019-09-07 08:22:54', 0),
(27, '2019-05-31', 46, '0.00', '6594.33', 1, 0, 'interestcal', '2019-09-07 08:24:41', '2019-09-07 08:24:41', 0),
(28, '2019-06-24', 46, '0.00', '5000.00', 1, 0, 'took 5k from 200k bal NILL', '2019-09-07 08:25:29', '2019-09-07 08:25:29', 0),
(29, '2019-06-30', 46, '0.00', '6788.22', 1, 0, 'interestcal', '2019-09-07 08:25:56', '2019-09-07 08:25:56', 0),
(30, '2019-07-31', 46, '0.00', '7057.93', 1, 0, 'interestcal', '2019-09-07 08:26:08', '2019-09-07 08:26:08', 0),
(31, '2019-08-01', 46, '0.00', '3000.00', 1, 0, 'Komal dint took so again credited', '2019-09-07 08:27:09', '2019-09-07 08:27:09', 0),
(32, '2019-08-17', 46, '1500.00', '0.00', 1, 0, 'she took 1500 during raksha bandhan', '2019-09-07 08:28:09', '2019-09-07 08:28:09', 0),
(33, '2019-08-24', 46, '1300.00', '0.00', 1, 0, 'gave to darshana on behalf of bhavika', '2019-09-07 08:29:21', '2019-09-07 08:29:21', 0),
(34, '2019-08-31', 46, '0.00', '7280.41', 1, 0, 'interestcal', '2019-09-07 08:36:58', '2019-09-07 08:36:58', 0),
(35, '2018-12-09', 38, '0.00', '10000.00', 1, 0, 'he gave me on Dec 09', '2019-09-08 12:11:24', '2019-09-08 12:11:24', 0),
(36, '2018-12-31', 38, '0.00', '177.42', 1, 0, 'interestcal', '2019-09-08 12:31:28', '2019-09-08 12:31:28', 0),
(37, '2019-01-01', 38, '177.00', '0.00', 1, 0, 'Paid int on June 6', '2019-09-08 12:32:55', '2019-09-08 12:32:55', 0),
(38, '2019-01-01', 38, '0.00', '2000.00', 1, 0, 'he gave me on Jan 1', '2019-09-08 12:33:23', '2019-09-08 12:33:23', 0),
(39, '2019-01-31', 38, '0.00', '298.40', 1, 0, 'interestcal', '2019-09-08 12:41:35', '2019-09-08 12:41:35', 0),
(40, '2019-02-01', 38, '299.00', '0.00', 1, 0, 'i Gave him int on June 1', '2019-09-08 12:44:45', '2019-09-08 12:44:45', 0),
(41, '2019-02-28', 38, '0.00', '300.00', 1, 0, 'interestcal', '2019-09-08 12:45:11', '2019-09-08 12:45:11', 0),
(42, '2019-03-01', 38, '300.00', '0.00', 1, 0, 'i Gave him int on June 1', '2019-09-08 12:45:36', '2019-09-08 12:45:36', 0),
(43, '2019-03-31', 38, '0.00', '300.00', 1, 0, 'interestcal', '2019-09-08 12:45:52', '2019-09-08 12:45:52', 0),
(44, '2019-04-01', 38, '300.00', '0.00', 1, 0, 'i Gave him int on June 1', '2019-09-08 12:46:02', '2019-09-08 12:46:02', 0),
(45, '2019-04-30', 38, '0.00', '300.00', 1, 0, 'interestcal', '2019-09-08 12:46:19', '2019-09-08 12:46:19', 0),
(46, '2019-05-03', 38, '0.00', '30000.00', 1, 0, 'he gave 30K on May 3', '2019-09-08 12:47:00', '2019-09-08 12:47:00', 0),
(47, '2019-05-09', 38, '0.00', '10000.00', 1, 0, 'he gave 10K on May 9', '2019-09-08 12:48:08', '2019-09-08 12:48:08', 0),
(48, '2019-05-17', 38, '0.00', '10000.00', 1, 0, 'he gave 10K on May 17', '2019-09-08 12:48:20', '2019-09-08 12:48:20', 0),
(49, '2019-05-31', 38, '0.00', '1275.24', 1, 0, 'interestcal', '2019-09-08 12:48:49', '2019-09-08 12:48:49', 0),
(50, '2019-06-01', 38, '1275.00', '0.00', 1, 0, 'i Gave him int on June 1', '2019-09-08 12:49:59', '2019-09-08 12:49:59', 0),
(51, '2019-05-01', 38, '300.00', '0.00', 1, 0, 'i Gave him int on June 1', '2019-09-08 12:52:53', '2019-09-08 12:52:53', 0),
(52, '2019-06-30', 38, '0.00', '1550.00', 1, 0, 'interestcal', '2019-09-08 12:53:55', '2019-09-08 12:53:55', 0),
(53, '2019-07-18', 38, '0.00', '10000.00', 1, 0, 'He gave 10K on July 18', '2019-09-08 12:58:10', '2019-09-08 12:58:10', 0),
(54, '2019-07-01', 38, '1550.00', '0.00', 1, 0, 'gave int on July 19', '2019-09-08 01:00:40', '2019-09-08 01:00:40', 0),
(55, '2019-07-19', 38, '2000.00', '0.00', 1, 0, 'he took 2K on July 19', '2019-09-08 01:01:24', '2019-09-08 01:01:24', 0),
(56, '2019-07-30', 38, '0.00', '5000.00', 1, 0, 'he gave 5K on July 30', '2019-09-08 01:02:40', '2019-09-08 01:02:40', 0),
(57, '2019-07-31', 38, '0.00', '1637.90', 1, 0, 'interestcal', '2019-09-08 01:04:46', '2019-09-08 01:04:46', 0),
(58, '2019-08-01', 38, '29.00', '0.00', 1, 0, 'i gave him 3600 on July 19 including 50 of 2000', '2019-09-08 01:05:51', '2019-09-08 01:05:51', 0),
(59, '2019-08-02', 38, '0.00', '15000.00', 1, 0, 'he gave 15K on Aug 2 but i stored in aug account as 3rd Aug', '2019-09-08 01:07:12', '2019-09-08 01:07:12', 0),
(60, '2019-08-21', 38, '5000.00', '0.00', 1, 0, 'Ankush took 5K', '2019-09-08 01:07:43', '2019-09-08 01:07:43', 0),
(61, '2019-08-31', 38, '0.00', '2221.68', 1, 0, 'interestcal', '2019-09-08 01:08:14', '2019-09-08 01:08:14', 0),
(62, '2019-09-03', 38, '10000.00', '0.00', 1, 0, 'Ankush took 10K on Sept 3', '2019-09-08 01:09:17', '2019-09-08 01:09:17', 0);

-- --------------------------------------------------------

--
-- Table structure for table `received`
--

CREATE TABLE `received` (
  `id` int(8) NOT NULL,
  `customer` varchar(8) NOT NULL,
  `amount` int(8) NOT NULL,
  `rcvddate` date NOT NULL,
  `note` varchar(500) NOT NULL,
  `created` datetime NOT NULL,
  `updated` datetime NOT NULL,
  `deleted` tinyint(1) NOT NULL
) ENGINE=InnoDB DEFAULT CHARSET=latin1;

--
-- Dumping data for table `received`
--

INSERT INTO `received` (`id`, `customer`, `amount`, `rcvddate`, `note`, `created`, `updated`, `deleted`) VALUES
(1, '24', 1000, '2018-08-06', 'Paid for id\'s 181', '2019-09-01 22:36:40', '2019-09-01 22:36:40', 0),
(2, '24', 1000, '2018-09-01', 'Paid for id\'s 182', '2019-09-02 11:33:49', '2019-09-02 11:33:49', 0),
(3, '24', 1000, '2018-10-01', 'Paid for id\'s 183', '2019-09-02 11:34:42', '2019-09-02 11:34:42', 0),
(4, '24', 1000, '2018-11-01', 'Paid for id\'s 184', '2019-09-02 11:35:01', '2019-09-02 11:35:01', 0),
(5, '24', 1000, '2018-12-01', 'Paid for id\'s 185', '2019-09-02 11:35:19', '2019-09-02 11:35:19', 0),
(6, '24', 1000, '2019-01-01', 'Paid for id\'s 186', '2019-09-02 11:35:35', '2019-09-02 11:35:35', 0),
(7, '24', 2000, '2019-03-21', 'Paid for id\'s 187,188', '2019-09-02 11:36:22', '2019-09-02 11:36:22', 0),
(8, '24', 1000, '2019-05-01', 'Paid for id\'s 189', '2019-09-02 11:36:47', '2019-09-02 11:36:47', 0),
(9, '24', 1000, '2019-06-08', 'Paid for id\'s 190', '2019-09-02 11:37:01', '2019-09-02 11:37:01', 0),
(10, '24', 1000, '2019-06-17', 'Paid for id\'s 191', '2019-09-02 11:37:16', '2019-09-02 11:37:16', 0),
(11, '24', 1200, '2019-07-02', 'Paid for id\'s 192', '2019-09-02 11:38:31', '2019-09-02 11:38:31', 0),
(12, '2', 700, '2018-08-10', 'Paid for id\'s 194', '2019-09-05 14:55:59', '2019-09-05 14:55:59', 0),
(13, '2', 700, '2018-09-10', 'Paid for id\'s 195', '2019-09-05 14:56:27', '2019-09-05 14:56:27', 0);

-- --------------------------------------------------------

--
-- Table structure for table `sowji`
--

CREATE TABLE `sowji` (
  `id` int(11) NOT NULL,
  `amount` double(10,2) NOT NULL,
  `created` datetime NOT NULL,
  `updated` datetime NOT NULL
) ENGINE=InnoDB DEFAULT CHARSET=latin1;

--
-- Dumping data for table `sowji`
--

INSERT INTO `sowji` (`id`, `amount`, `created`, `updated`) VALUES
(1, 569245.00, '0000-00-00 00:00:00', '0000-00-00 00:00:00');

-- --------------------------------------------------------

--
-- Table structure for table `without`
--

CREATE TABLE `without` (
  `id` int(11) NOT NULL,
  `Name` varchar(10) NOT NULL,
  `Date` date NOT NULL,
  `Amount` int(10) NOT NULL,
  `Note` varchar(12) NOT NULL,
  `created` datetime NOT NULL,
  `updated` datetime NOT NULL,
  `deleted` tinyint(1) NOT NULL
) ENGINE=InnoDB DEFAULT CHARSET=latin1;

--
-- Indexes for dumped tables
--

--
-- Indexes for table `asalu`
--
ALTER TABLE `asalu`
  ADD PRIMARY KEY (`id`);

--
-- Indexes for table `chiti`
--
ALTER TABLE `chiti`
  ADD PRIMARY KEY (`id`);

--
-- Indexes for table `collection`
--
ALTER TABLE `collection`
  ADD PRIMARY KEY (`id`);

--
-- Indexes for table `customers`
--
ALTER TABLE `customers`
  ADD PRIMARY KEY (`id`);

--
-- Indexes for table `drcr`
--
ALTER TABLE `drcr`
  ADD PRIMARY KEY (`id`);

--
-- Indexes for table `received`
--
ALTER TABLE `received`
  ADD PRIMARY KEY (`id`);

--
-- Indexes for table `sowji`
--
ALTER TABLE `sowji`
  ADD PRIMARY KEY (`id`);

--
-- Indexes for table `without`
--
ALTER TABLE `without`
  ADD PRIMARY KEY (`id`);

--
-- AUTO_INCREMENT for dumped tables
--

--
-- AUTO_INCREMENT for table `asalu`
--
ALTER TABLE `asalu`
  MODIFY `id` int(11) NOT NULL AUTO_INCREMENT, AUTO_INCREMENT=5;

--
-- AUTO_INCREMENT for table `chiti`
--
ALTER TABLE `chiti`
  MODIFY `id` int(10) NOT NULL AUTO_INCREMENT, AUTO_INCREMENT=6;

--
-- AUTO_INCREMENT for table `collection`
--
ALTER TABLE `collection`
  MODIFY `id` int(20) NOT NULL AUTO_INCREMENT, AUTO_INCREMENT=219;

--
-- AUTO_INCREMENT for table `customers`
--
ALTER TABLE `customers`
  MODIFY `id` int(8) NOT NULL AUTO_INCREMENT, AUTO_INCREMENT=54;

--
-- AUTO_INCREMENT for table `drcr`
--
ALTER TABLE `drcr`
  MODIFY `id` int(11) NOT NULL AUTO_INCREMENT, AUTO_INCREMENT=63;

--
-- AUTO_INCREMENT for table `received`
--
ALTER TABLE `received`
  MODIFY `id` int(8) NOT NULL AUTO_INCREMENT, AUTO_INCREMENT=14;

--
-- AUTO_INCREMENT for table `sowji`
--
ALTER TABLE `sowji`
  MODIFY `id` int(11) NOT NULL AUTO_INCREMENT, AUTO_INCREMENT=2;

--
-- AUTO_INCREMENT for table `without`
--
ALTER TABLE `without`
  MODIFY `id` int(11) NOT NULL AUTO_INCREMENT;
COMMIT;

/*!40101 SET CHARACTER_SET_CLIENT=@OLD_CHARACTER_SET_CLIENT */;
/*!40101 SET CHARACTER_SET_RESULTS=@OLD_CHARACTER_SET_RESULTS */;
/*!40101 SET COLLATION_CONNECTION=@OLD_COLLATION_CONNECTION */;
